id;name;position;author;detail
1;Handmade Cotton Table CSS;Mayotte Dynamic SAS;digital forecast Bahrain;Principal Baht radical
2;Configuration mobile intuitive;Center;Georgia generate;Designer calculating
3;Overpass toolset;architectures synthesizing Industrial;Cotton Representative software;Bedfordshire calculating Toys
4;connecting;Games;Personal Loan Account bleeding-edge payment;markets
5;ivory Mouse;programming Licensed Plastic Bacon Consultant;Berkshire Developer orchestrate;online withdrawal payment
6;Handmade Wooden Shoes;navigating Club Practical Granite Chicken;generate Health deposit;Cambridgeshire Computer
7;e-business Czech Koruna back-end;Producer hard drive;mobile Product programming;Checking Account Industrial
8;back-end Future-proofed compressing;Table green Dominica;Shoes parse world-class;Cocos (Keeling) Islands South Carolina
9;interface;Som;silver Clothing alarm;Books Oklahoma
10;Antigua and Barbuda Station;interface calculate Zloty;backing up;Auto Loan Account generate Health
